Metrik,Säule,Niveau,Within,Balanced,Delta,Aspekt
Women in Workforce,Soc,-0.676,-0.567,-0.018430118117951845,0.09710974344860615,0.19330750424139248
Scope 1 GHG Emissions (pro Mio. USD),Env,-0.639,-0.207,0.07207673036140827,-0.19084279391800996,
Women in Senior Management,Soc,-0.58,-0.613,-0.12522269078651482,-0.30402115959987175,0.22646361858543645
Women in Management,Soc,-0.566,-0.53,-0.13561114122257614,0.20818245072647543,0.3099213952006911
Employee Turnover Rate,Soc,-0.544,0.743,-0.20590838847600923,0.6063839131532883,-0.3858799738077656
Renewable Energy Percentage,Env,-0.408,-0.737,-0.45700592164505494,-0.3886387875911904,
Hazardous Waste (pro Mio. USD),Env,-0.389,-0.352,0.12393217134182143,0.002108972838325951,
Women on Board,Gov,-0.389,-0.335,-0.187553763818987,0.1672430651973896,0.22923243400197124
Say-on-Pay Approval,Gov,0.199,0.668,-0.1601941048712906,0.5843420823378769,0.14608108265240177
Board Independence,Gov,0.228,-0.075,-0.06451570612973621,-0.08922419730882789,0.1474600927786537
