year,n_reviews,mean_roberta,median_roberta,std_roberta,mean_vader,mean_siebert,mean_stars,pct_negative,pct_neutral,pct_positive,mean_nlptown,se_roberta,company,Accounting Controversies,Board Independence,Board Meeting Attendance,Board Size,CEO Pay Ratio,Community Investment,Data Breaches,Dual-Class Shares,Effective Tax Rate,Employee Turnover Rate,Ethics Violations,Female Directors,Hazardous Waste,Independent Directors,Lost Time Injuries,Lost Time Injury Frequency Rate,Recordable Injuries,Renewable Energy Consumption,Renewable Energy Percentage,Say-on-Pay Approval,Scope 1 GHG Emissions,Scope 2 Location-Based,Scope 2 Market-Based,Scope 3 Emissions,Total Employees,Total Energy Consumption,Total Hours Worked,Total Recordable Injury Rate,Total Revenue,Total Training Hours,Total Waste Generated,Training Hours per Employee,Waste Recycled/Diverted,Water Withdrawal,Women in Management,Women in Senior Management,Women in Workforce,Women on Board,Workplace Fatalities,Anti-Corruption Policy,E-Waste Recycling Rate,Green Building Certifications,E-Waste Generated,Supplier Audits Conducted,Water Recycled/Reused,GHG Intensity (berechnet),Total Training Hours (pro Mitarbeiter),Scope 1 GHG Emissions (pro Mio. USD),Scope 2 Market-Based (pro Mio. USD),Scope 2 Location-Based (pro Mio. USD),Scope 3 Emissions (pro Mio. USD),Total Energy Consumption (pro Mio. USD),Renewable Energy Consumption (pro Mio. USD),Total Waste Generated (pro Mitarbeiter),Total Waste Generated (pro Mio. USD),Waste Recycled/Diverted (pro Mitarbeiter),Waste Recycled/Diverted (pro Mio. USD),Water Withdrawal (pro Mitarbeiter),Water Withdrawal (pro Mio. USD),Hazardous Waste (pro Mitarbeiter),Hazardous Waste (pro Mio. USD),Community Investment (pro Mitarbeiter),Community Investment (pro Mio. USD)
2020,186,0.5898682845240679,0.795126452576369,0.4630257640113617,0.6102145161290322,0.7411669229948392,3.9408602150537635,0.10215053763440861,0.15053763440860216,0.7473118279569892,3.7311827956989245,0.03395069623641207,AMD,0.0,87.5,75.0,8.0,228.0,8365904.0,,0.0,-94.53,6.5,0.0,1.0,3.0,7.0,,0.0,6.0,237.0,18.0,66.9,6412.0,68494.0,55342.0,5554692.0,12637.0,124.0,26262520.0,0.04,9763.0,,491.0,,402.0,151.0,14.0,14.0,24.0,12.5,0.0,,,,,,,6.325309843285876,,0.656765338522995,5.66854450476288,7.015671412475673,568.953395472703,0.012701014032571956,0.024275325207415755,0.0388541584236765,0.05029191846768411,0.03181134762997547,0.04117586807333811,0.0119490385376276,0.015466557410631979,0.00023739811664160799,0.0003072825975622247,662.0166178681649,856.898904025402
2021,426,0.6329733915053124,0.8175435336306691,0.4471086165201244,0.6463338028169014,0.7963003454633721,4.161971830985915,0.06807511737089202,0.1056338028169014,0.8262910798122066,3.7629107981220655,0.021662483252679696,AMD,0.0,90.0,75.0,10.0,230.0,1847347.0,,0.0,14.0,10.6,0.0,3.0,4.0,9.0,,0.0,8.0,28.0,25.0,94.7,6487.0,70659.0,49391.0,12812872.0,15503.0,182.0,38583384.0,0.04,16434.0,,455.0,,383.0,75.0,14.0,14.0,24.0,30.0,0.0,,,,,,,3.400146038700256,,0.3947304368991116,3.0054156018011438,4.2995618838992335,779.6563222587318,0.011074601436047219,0.0017037848363149568,0.029349158227439852,0.02768650359011805,0.024704895826614205,0.023305342582451018,0.004837773334193382,0.0045637093829864915,0.00025801457782364704,0.00024339783375927954,119.16061407469522,112.41006450042595
2022,522,0.6369913817781213,0.8123600305989385,0.42236347933456964,0.6234691570881226,0.8038996885106025,4.203065134099617,0.04980842911877394,0.1206896551724138,0.8295019157088123,3.7739463601532566,0.018486347280547828,AMD,0.0,88.9,75.0,9.0,224.0,6104650.0,0.0,0.0,-10.0,10.6,0.0,3.0,24.0,8.0,3.0,0.0,12.0,66.0,32.0,95.0,8145.0,74479.0,39745.0,26401535.0,24525.0,208.0,59955000.0,0.04,23601.0,179944.0,809.0,7.3,622.0,183.0,,12.0,24.0,33.3,0.0,,,,,,,2.0291513071480023,7.337166156982671,0.3451124952332528,1.6840388119147494,3.1557561120291515,1118.661709249608,0.008813185881954155,0.002796491674081607,0.03298674821610601,0.03427820855048515,0.025361875637104996,0.026354815473920597,0.00746177370030581,0.007753908732680818,0.0009785932721712539,0.0010169060633024025,248.91539245667687,258.66064997245877
2023,567,0.5897437171062793,0.8062991537153721,0.4678452888294821,0.5962857142857143,0.7555766148752215,4.1234567901234565,0.06525573192239859,0.12698412698412698,0.8077601410934744,3.6825396825396823,0.019647655338031658,AMD,0.0,88.9,75.0,9.0,238.0,6719794.0,,0.0,-68.0,7.2,0.0,3.0,80.0,8.0,,0.0,14.0,94.0,40.0,86.0,10008.0,80839.0,36597.0,23126774.0,25768.0,233.0,74238696.0,0.04,22680.0,156561.0,1348.0,6.0,755.0,225.0,19.0,14.0,24.0,33.3,0.0,,,,,,,2.05489417989418,6.075791679602608,0.44126984126984126,1.6136243386243385,3.5643298059964725,1019.6990299823633,0.01027336860670194,0.004144620811287478,0.05231294628997206,0.05943562610229277,0.029299906861223222,0.033289241622574954,0.008731760322881093,0.00992063492063492,0.003104625892579944,0.003527336860670194,260.78058056504193,296.28721340388006
2024,675,0.6016411971207708,0.8123042359948158,0.4636485357976183,0.5891654814814814,0.7644662057028876,4.004444444444444,0.07555555555555556,0.17185185185185184,0.7525925925925926,3.6666666666666665,0.01784584046347538,AMD,0.0,87.5,75.0,8.0,216.0,9003639.0,,0.0,19.0,7.0,0.0,3.0,108.0,7.0,1.0,0.02,10.0,118.0,44.0,80.0,12419.0,91579.0,31771.0,18281832.0,28343.0,264.0,66313704.0,0.03,25785.0,166994.0,1564.0,5.9,784.0,267.0,18.0,14.0,23.0,37.5,0.0,,,,,,,1.7137870855148343,5.8918957061708355,0.48163661043242195,1.2321504750824122,3.551638549544309,709.0103548574752,0.010238510762070972,0.004576304052743843,0.0551811734819885,0.06065541981772348,0.02766115090145715,0.030405274384331975,0.00942031542179727,0.010354857475276324,0.0038104646649966484,0.004188481675392671,317.66711357301625,349.1812681791739
2020,223,0.762993857791781,0.9041452594101428,0.3619240027097966,0.757042600896861,0.9177270903181067,4.614349775784754,0.02242152466367713,0.04932735426008968,0.9282511210762332,4.201793721973094,0.024236223837635802,NVIDIA,0.0,90.9,75.0,11.0,64.0,5300000.0,,0.0,5.9,6.7,,2.0,,10.0,,0.01,,79.184,34.0,95.0,2817.0,74692.0,65936.0,415913.0,13775.0,244.76,,0.25,16675.0,,5290.0,,4100.0,315.599,16.2,10.5,18.9,18.2,0.0,0.0,75.0,1.0,,,,4.12311844077961,,0.16893553223388305,3.954182908545727,4.47928035982009,24.942308845577212,0.014678260869565217,0.004748665667166417,0.3840290381125227,0.31724137931034485,0.29764065335753176,0.24587706146926536,0.022910998185117968,0.01892647676161919,,,384.7549909255898,317.84107946026984
2021,491,0.7554334890137212,0.8875068705528975,0.3285698515728357,0.7192663951120163,0.9376435815195445,4.586558044806518,0.03665987780040733,0.026476578411405296,0.9368635437881874,4.132382892057026,0.01482814982440701,NVIDIA,0.0,92.3,75.0,13.0,89.0,25000000.0,,0.0,1.7,3.8,0.0,3.0,,12.0,0.0,0.0,0.07,79.065,25.0,95.0,2692.0,105621.0,89048.0,2074450.0,18975.0,325.899,,0.07,26914.0,,2778.0,,1887.0,359.901,15.9,11.3,19.1,23.1,0.0,0.0,43.0,4.0,,,,3.4086349111986327,,0.10002229323028906,3.3086126179683437,3.924388793936241,77.07698595526492,0.012108902429962102,0.0029376904213420526,0.14640316205533596,0.10321765623838894,0.09944664031620554,0.07011220925912165,0.01896711462450593,0.013372259790443635,,,1317.5230566534915,928.8845953778703
2022,379,0.730683071073759,0.882939868606627,0.37533854988034737,0.6741184696569921,0.8982601247550944,4.58311345646438,0.0316622691292876,0.044854881266490766,0.9234828496042217,4.121372031662269,0.019279846274409457,NVIDIA,0.0,92.3,75.0,13.0,109.0,22300000.0,0.0,0.0,1.9,4.9,0.0,3.0,0.0,12.0,0.0,0.0,0.06,154.922,38.0,93.0,4612.0,133569.0,78210.0,2701477.0,22473.0,424.997,,0.06,26974.0,,937.0,,526.0,817.082,16.5,12.0,19.0,23.1,0.0,0.0,51.0,1.0,,,,3.0704381997479055,,0.17097946170386297,2.8994587380440424,4.95176836954104,100.15114554756433,0.015755801883295024,0.0057433825164973674,0.041694477817825835,0.03473715429673018,0.023405864815556447,0.019500259509156966,0.03635838561829751,0.03029146585600949,0.0,0.0,992.3018733591421,826.7220286201527
2023,407,0.749073132116311,0.8837349247187376,0.35282129388878797,0.6988245700245701,0.924513552932833,4.545454545454546,0.036855036855036855,0.051597051597051594,0.9115479115479116,4.046683046683047,0.01748870224444867,NVIDIA,,92.3,75.0,13.0,94.0,22500000.0,,0.0,-4.5,5.3,,3.0,7.0,12.0,0.01,0.01,0.1,194.544,44.0,98.0,12346.0,142909.0,60671.0,3514000.0,26196.0,496.901,,0.01,60922.0,260000.0,1856.0,10.0,1068.0,376.656,17.1,11.4,19.2,23.1,0.0,0.0,152.0,2.0,,,,1.1985325498177999,9.925179416704841,0.20265257214142673,0.995879977676373,2.345770000984866,57.68031253077706,0.008156347460687437,0.0031933291750106695,0.07085051152847763,0.030465184990643775,0.0407695831424645,0.017530612914874757,0.014378378378378378,0.006182594136765044,0.00026721636891128414,0.00011490102097764355,858.909757214842,369.32471028528283
2024,499,0.6539372936603175,0.8524380028247833,0.43441388745541876,0.6079026052104208,0.8425412536384108,4.498997995991984,0.03006012024048096,0.07615230460921844,0.8937875751503006,3.907815631262525,0.019447036424083176,NVIDIA,0.0,91.7,75.0,12.0,128.0,,,0.0,13.3,2.7,,4.0,0.0,11.0,0.01,0.01,0.11,420.579,76.0,89.0,14390.0,178087.0,40555.0,3637478.0,29600.0,612.008,,0.01,130497.0,360000.0,2345.0,12.5,1658.0,382.636,17.7,13.1,19.7,33.3,0.0,,58.0,3.0,,,,0.42104416193475713,12.162162162162161,0.11027073419312321,0.3107734277416339,1.3646827130125596,27.874035418438737,0.004689824287148364,0.0032229016759005953,0.07922297297297297,0.017969761756975258,0.05601351351351351,0.012705272918151374,0.012926891891891893,0.0029321440339624668,0.0,0.0,,
2020,805,0.6012108685975166,0.7960846079513431,0.43908664223001137,0.6564973913043478,0.8012581192928812,4.031055900621118,0.07080745341614907,0.17515527950310558,0.7540372670807454,3.773913043478261,0.015475770659216886,HP,0.0,90.9,75.0,11.0,141.0,34870000.0,,,12.0,5.1,,5.0,6060.0,10.0,2.1,0.06,0.1,243.661,51.0,85.0,50600.0,203600.0,120400.0,44720000.0,53000.0,604.901,,0.1,56639.0,22200.0,20260.0,32.0,10700.0,2597.0,29.7,,36.9,45.5,,,,,400.0,103.0,269.0,3.0191211003019123,0.4188679245283019,0.8933773548261799,2.125743745475732,3.5946962340436803,789.561962605272,0.010679937852010098,0.004302000388424937,0.3822641509433962,0.3577040555094546,0.2018867924528302,0.18891576475573368,0.049,0.04585179823090097,0.11433962264150943,0.10699341443175198,657.9245283018868,615.6535249563022
2021,1574,0.6290886207191413,0.8246372463181615,0.43252522527369447,0.6453551461245235,0.8160611998474432,4.137229987293519,0.05082592121982211,0.15501905972045743,0.7941550190597204,3.8214739517153746,0.01090207278060618,HP,0.0,92.3,75.0,13.0,306.0,6960000.0,33.0,,13.4,8.7,0.0,6.0,7060.0,12.0,2.26,0.06,0.13,992.0,54.0,92.0,48700.0,198200.0,110800.0,28300000.0,51000.0,697.058,,0.13,63487.0,26150.0,20960.0,34.0,10500.0,2556.0,32.5,32.5,39.0,46.2,0.0,,1500.0,15.0,,189.0,310.0,2.5123253579472964,0.5127450980392156,0.767086175122466,1.7452391828248304,3.1218989714429726,445.76054940381493,0.01097953911824468,0.015625246113377542,0.4109803921568628,0.3301463291697513,0.20588235294117646,0.1653881897081292,0.05011764705882353,0.040260210751807454,0.1384313725490196,0.11120386850851355,136.47058823529412,109.62874289224565
2022,1227,0.6092920097246912,0.8107129037380219,0.45412222308679145,0.6417955990220049,0.786851640289745,4.142624286878566,0.06193969030154849,0.14506927465362673,0.7929910350448248,3.7620211898940505,0.012964341839551839,HP,0.0,92.3,75.0,13.0,302.0,71390000.0,20.0,,27.9,13.4,,6.0,7820.0,12.0,2.83,0.06,0.13,269.209,55.0,91.0,46800.0,196300.0,104700.0,26748000.0,50800.0,696.349,,0.13,62983.0,,26620.0,36.0,15900.0,2227.0,31.0,29.7,37.6,46.2,,,114300.0,,,249.0,279.0,2.405410983916295,,0.7430576504771129,1.662353333439182,3.116714033945668,424.68602638807295,0.011056142133591604,0.004274312115967801,0.5240157480314961,0.42265373195941763,0.31299212598425197,0.25244907355953194,0.04383858267716535,0.03535874759855834,0.15393700787401574,0.12416048775066288,1405.3149606299212,1133.4804629820746
2023,1243,0.5895141520537811,0.8169187232851982,0.47675929668888334,0.6288748994368464,0.756876014790416,4.065969428801287,0.07642799678197908,0.15285599356395815,0.7707160096540627,3.7280772325020113,0.013522706002057584,HP,1.0,91.7,75.0,12.0,287.0,46690000.0,23.0,,-11.1,14.4,,6.0,6380.0,11.0,0.65,0.06,0.11,290.61,59.0,95.0,52100.0,193300.0,94300.0,19618000.0,54757.0,729.832,,0.11,53718.0,,30480.0,36.0,20500.0,2235.0,32.1,32.7,39.5,50.0,0.0,,98100.0,,,360.0,233.0,2.725343460292639,,0.9698797423582411,1.7554637179343981,3.5984213857552403,365.20346997282104,0.013586358390111321,0.005409918463085,0.5566411600343335,0.5674075728805987,0.3743813576346403,0.3816225473770431,0.04081669923480103,0.04160616553110689,0.11651478349800025,0.11876838303734316,852.6763701444564,869.1686213187386
2024,1146,0.554860279312476,0.7940464541316032,0.49988695262097493,0.6266685863874345,0.736447051765615,4.011343804537522,0.08289703315881326,0.16404886561954624,0.7530541012216405,3.630017452006981,0.014766565383636741,HP,1.0,92.3,75.0,13.0,278.0,47560000.0,,,15.4,11.8,147.0,6.0,,12.0,1.35,0.06,0.12,297.846,62.0,91.0,48400.0,185700.0,79200.0,17630000.0,54792.0,682.398,,0.12,53559.0,1728000.0,,32.0,,2250.0,31.9,30.2,39.6,46.2,0.0,,,14.0,,366.0,245.0,2.3824193879646747,31.537450722733247,0.9036763195728076,1.478743068391867,3.467204391418809,329.16970070389664,0.012741051924046379,0.005561082171063687,,,,,0.04106438896189225,0.04200974626113258,,,868.009928456709,887.9926809686514
2020,2512,0.6305893829728589,0.8351029874756932,0.43917586605178427,0.6500454617834395,0.8016652233518993,4.135748407643312,0.05493630573248408,0.16202229299363058,0.7830414012738853,3.8558917197452227,0.008762512466765956,DELL,0.0,57.1,75.0,7.0,14.0,51600000.0,,,4.3,,,2.0,,4.0,,0.04,0.08,461.0,45.0,99.0,58000.0,411400.0,240500.0,14428853.0,165000.0,1229.0,,0.08,94224.0,,13175.0,,12579.0,2371.0,24.0,,31.0,28.6,0.0,,9.1,,,205.0,,3.1679826795720833,,0.6155544235014434,2.55242825607064,4.3661912039395485,153.13352224486331,0.01304338597384955,0.0048925963661063,0.07984848484848485,0.1398263712005434,0.07623636363636363,0.13350101884870097,0.01436969696969697,0.025163440312446935,,,312.72727272727275,547.6311767702496
2021,5169,0.6340260880204337,0.8351196106523275,0.4420207697272883,0.6538654091700522,0.7947470349623447,4.136583478429096,0.06558328496807893,0.1400657767459857,0.7943509382859354,3.8460050299864577,0.006148078590586425,DELL,0.0,62.5,75.0,8.0,49.0,49900000.0,,,16.6,,0.0,2.0,,5.0,,0.02,0.04,508.0,54.0,99.0,44900.0,360800.0,174900.0,15134600.0,133000.0,1090.0,,0.4,101197.0,105863.0,12505.0,0.8,10544.0,1949.0,25.8,,31.8,25.0,0.0,,9.6,,,,,2.17200114627904,0.7959624060150376,0.4436890421652816,1.7283121041137584,3.56532308270008,149.55581687204167,0.010771070288644921,0.005019911657460201,0.09402255639097744,0.12357085684358232,0.07927819548872181,0.1041928120398826,0.014654135338345864,0.01925946421336601,,,375.187969924812,493.09762147099224
2022,4529,0.6443261724484841,0.8387038670480251,0.4331083665077843,0.6637240892029146,0.8059024060369986,4.232280856701259,0.055199823360565246,0.12651799514241555,0.8182821814970193,3.8695076175756236,0.0064356943928515495,DELL,0.0,62.5,75.0,8.0,49.0,60000000.0,,,24.9,,,2.0,,5.0,,0.03,0.04,502.0,55.0,99.0,45600.0,337600.0,158100.0,13590000.0,133000.0,1063.0,,0.4,102301.0,157703.0,14224.0,1.19,12599.0,1778.0,28.2,,33.9,25.0,0.0,,,,,205.0,,1.9911828818877626,1.1857368421052632,0.4457434433681,1.5454394385196626,3.3000654930059334,132.84327621430876,0.01039090526974321,0.004907087907254084,0.10694736842105264,0.13904067408920734,0.09472932330827068,0.12315617638146255,0.01336842105263158,0.017380084261150917,,,451.1278195488722,586.5045307475
2023,3741,0.585529758180926,0.8156416937708855,0.490261347406687,0.6266905372894949,0.7364464470231893,4.064153969526864,0.08313285217856188,0.16172146484897088,0.7551456829724672,3.723336006415397,0.00801555872698211,DELL,0.0,75.0,75.0,8.0,41.0,52100000.0,,,17.5,,0.0,2.0,,6.0,,0.03,0.04,522.0,59.0,99.0,45800.0,330600.0,153300.0,15717800.0,120000.0,1038.0,,0.4,88425.0,125837.0,16971.0,1.05,15340.0,1650.0,29.2,,34.8,25.0,0.0,,,,,251.0,,2.2516256714729996,1.0486416666666667,0.5179530675713881,1.7336726039016115,3.7387616624257847,177.75289793610403,0.011738761662425785,0.005903307888040712,0.141425,0.1919253604749788,0.12783333333333333,0.17348035057958722,0.01375,0.018659881255301103,,,434.1666666666667,589.1998869098106
2024,3882,0.484228859244057,0.7308502551168203,0.5329252959324974,0.5703315558990211,0.6121169717302033,3.8075734157650696,0.12364760432766615,0.21148892323544566,0.6648634724368881,3.543534260690366,0.008553395809108183,DELL,1.0,75.0,75.0,8.0,42.0,,,,9.4,,,2.0,,6.0,,0.03,0.03,542.0,61.5,99.0,38800.0,331300.0,133600.0,12456400.0,108000.0,996.0,,0.3,95567.0,131478.0,9860.0,1.22,9786.0,1692.0,29.1,,35.0,25.0,0.0,,90.0,,,275.0,,1.8039699896407755,1.2173888888888889,0.4059978862996641,1.3979721033411114,3.4666778281205857,130.3420636830705,0.010422007596764574,0.005671413772536545,0.09129629629629629,0.10317368966274969,0.09061111111111111,0.10239936379712662,0.015666666666666666,0.01770485627884102,,,,
