metric,pillar,mean_roberta,mean_roberta_p,n,mean_vader,mean_vader_p,mean_siebert,mean_siebert_p,mean_nlptown,mean_nlptown_p,signs_agree,r_spread
Women in Workforce,Social,-0.676,0.0011,20,-0.333,0.1513,-0.605,0.0047,-0.609,0.0044,True,0.342
Scope 1 GHG Emissions (pro Mio. USD),Environment,-0.639,0.0024,20,-0.36,0.1186,-0.543,0.0133,-0.631,0.0029,True,0.279
Women in Senior Management,Social,-0.58,0.0296,14,-0.267,0.356,-0.507,0.0641,-0.497,0.0707,True,0.313
Women in Management,Social,-0.566,0.0116,19,-0.268,0.2681,-0.493,0.0319,-0.495,0.031,True,0.298
Employee Turnover Rate,Social,-0.544,0.036,15,-0.267,0.3362,-0.58,0.0235,-0.557,0.0308,True,0.313
Renewable Energy Percentage,Environment,-0.408,0.0741,20,-0.347,0.1338,-0.341,0.1414,-0.322,0.1662,True,0.086
Hazardous Waste (pro Mio. USD),Environment,-0.389,0.2113,12,0.164,0.6112,-0.244,0.4442,-0.248,0.4378,False,0.553
Women on Board,Governance,-0.389,0.0896,20,-0.302,0.1954,-0.239,0.3096,-0.438,0.0536,True,0.198
Hazardous Waste (pro Mitarbeiter),Environment,-0.365,0.2433,12,0.174,0.5897,-0.219,0.4943,-0.229,0.4735,False,0.539
Scope 3 Emissions (pro Mio. USD),Environment,-0.358,0.1211,20,-0.436,0.0547,-0.304,0.1928,-0.506,0.023,True,0.202
CEO Pay Ratio,Governance,-0.285,0.2237,20,-0.333,0.1514,-0.192,0.4168,-0.401,0.0795,True,0.209
Water Withdrawal (pro Mio. USD),Environment,-0.252,0.2833,20,0.06,0.8006,-0.156,0.5107,-0.152,0.5214,False,0.313
Community Investment (pro Mitarbeiter),Social,0.247,0.3221,18,0.284,0.253,0.307,0.2155,0.284,0.253,True,0.059
Scope 2 Market-Based (pro Mio. USD),Environment,0.241,0.3061,20,0.352,0.128,0.171,0.4722,0.289,0.2158,True,0.181
Board Independence,Governance,0.228,0.3335,20,0.106,0.6557,0.293,0.2105,0.149,0.5295,True,0.186
Renewable Energy Consumption (pro Mio. USD),Environment,-0.214,0.3657,20,-0.192,0.4178,-0.228,0.3329,-0.165,0.4857,True,0.063
Total Recordable Injury Rate,Social,-0.203,0.3905,20,0.085,0.7206,-0.285,0.2232,-0.084,0.7259,False,0.37
Say-on-Pay Approval,Governance,0.199,0.401,20,0.339,0.1437,0.16,0.5017,0.246,0.2949,True,0.179
Waste Recycled/Diverted (pro Mio. USD),Environment,-0.159,0.5147,19,0.196,0.4202,-0.135,0.5818,-0.064,0.7959,False,0.356
Total Waste Generated (pro Mio. USD),Environment,-0.148,0.5456,19,0.174,0.4768,-0.086,0.7262,-0.077,0.7554,False,0.322
Total Energy Consumption (pro Mio. USD),Environment,0.121,0.6108,20,0.363,0.116,0.061,0.7974,0.21,0.3733,True,0.301
Community Investment (pro Mio. USD),Social,-0.099,0.6955,18,0.021,0.9339,-0.071,0.7786,0.011,0.9668,False,0.12
GHG Intensity (berechnet),Environment,0.094,0.6925,20,0.265,0.258,0.047,0.8455,0.144,0.5455,True,0.219
Effective Tax Rate,Governance,0.088,0.7125,20,0.215,0.3636,0.125,0.6008,0.113,0.6347,True,0.127
Training Hours per Employee,Social,-0.06,0.8388,14,0.219,0.4515,0.122,0.6787,-0.045,0.8785,False,0.279
Water Withdrawal (pro Mitarbeiter),Environment,-0.056,0.8144,20,0.171,0.4715,0.057,0.8106,0.026,0.9144,False,0.227
Total Waste Generated (pro Mitarbeiter),Environment,-0.036,0.884,19,0.243,0.3163,0.036,0.8823,0.025,0.9187,False,0.279
Total Training Hours (pro Mitarbeiter),Social,-0.033,0.9194,12,-0.05,0.8783,0.049,0.8796,-0.114,0.7241,False,0.163
Waste Recycled/Diverted (pro Mitarbeiter),Environment,-0.027,0.9133,19,0.285,0.2367,0.012,0.9622,0.057,0.8179,False,0.312
Scope 2 Location-Based (pro Mio. USD),Environment,-0.014,0.9519,20,0.091,0.7021,-0.096,0.6888,0.034,0.8874,False,0.187
