metric,pillar,n_sync,r_sync,p_sync,n_lag,r_lag,p_lag,abs_change
Women in Workforce,Social,20,-0.676,0.0011,20,-0.687,0.0008,0.012
Scope 1 GHG Emissions (pro Mio. USD),Environment,20,-0.639,0.0024,20,-0.786,0.0,0.147
Women in Senior Management,Social,14,-0.58,0.0296,14,-0.544,0.0441,-0.036
Women in Management,Social,19,-0.566,0.0116,19,-0.511,0.0254,-0.055
Employee Turnover Rate,Social,15,-0.544,0.036,15,-0.591,0.0204,0.046
Renewable Energy Percentage,Environment,20,-0.408,0.0741,20,-0.099,0.6781,-0.309
Hazardous Waste (pro Mio. USD),Environment,12,-0.389,0.2113,12,-0.41,0.1858,0.021
Women on Board,Governance,20,-0.389,0.0896,20,-0.422,0.0639,0.032
Hazardous Waste (pro Mitarbeiter),Environment,12,-0.365,0.2433,12,-0.395,0.2033,0.03
Scope 3 Emissions (pro Mio. USD),Environment,20,-0.358,0.1211,20,-0.531,0.016,0.173
CEO Pay Ratio,Governance,20,-0.285,0.2237,20,-0.365,0.1131,0.081
Water Withdrawal (pro Mio. USD),Environment,20,-0.252,0.2833,20,-0.343,0.1392,0.09
Community Investment (pro Mitarbeiter),Social,18,0.247,0.3221,18,0.422,0.081,0.175
Scope 2 Market-Based (pro Mio. USD),Environment,20,0.241,0.3061,20,0.027,0.909,-0.214
Board Independence,Governance,20,0.228,0.3335,20,0.286,0.221,0.058
Renewable Energy Consumption (pro Mio. USD),Environment,20,-0.214,0.3657,20,-0.287,0.2197,0.073
Total Recordable Injury Rate,Social,20,-0.203,0.3905,20,-0.114,0.6319,-0.089
Say-on-Pay Approval,Governance,20,0.199,0.401,20,0.24,0.3077,0.041
Waste Recycled/Diverted (pro Mio. USD),Environment,19,-0.159,0.5147,19,-0.209,0.3911,0.049
Total Waste Generated (pro Mio. USD),Environment,19,-0.148,0.5456,19,-0.233,0.3381,0.085
Total Energy Consumption (pro Mio. USD),Environment,20,0.121,0.6108,20,-0.043,0.8578,-0.078
Community Investment (pro Mio. USD),Social,18,-0.099,0.6955,18,0.115,0.6503,0.016
GHG Intensity (berechnet),Environment,20,0.094,0.6925,20,-0.148,0.5329,0.054
Effective Tax Rate,Governance,20,0.088,0.7125,20,0.068,0.777,-0.02
Training Hours per Employee,Social,14,-0.06,0.8388,14,-0.282,0.3279,0.223
Water Withdrawal (pro Mitarbeiter),Environment,20,-0.056,0.8144,20,-0.104,0.6627,0.048
Total Waste Generated (pro Mitarbeiter),Environment,19,-0.036,0.884,19,-0.108,0.6611,0.072
Total Training Hours (pro Mitarbeiter),Social,12,-0.033,0.9194,12,0.123,0.7043,0.09
Waste Recycled/Diverted (pro Mitarbeiter),Environment,19,-0.027,0.9133,19,-0.062,0.8022,0.035
Scope 2 Location-Based (pro Mio. USD),Environment,20,-0.014,0.9519,20,-0.203,0.3901,0.189
