metric,pillar,n_obs,n_companies,pearson_r,pearson_p,spearman_r,kendall_tau,methods_agree
Scope 1 GHG Emissions (pro Mio. USD),Environment,20,4,-0.639,0.0024,-0.726,-0.547,YES
Hazardous Waste (pro Mio. USD),Environment,12,3,-0.389,0.2113,-0.669,-0.473,YES
Hazardous Waste (pro Mitarbeiter),Environment,12,3,-0.365,0.2433,-0.501,-0.351,YES
Scope 3 Emissions (pro Mio. USD),Environment,20,4,-0.358,0.1211,-0.517,-0.358,YES
Water Withdrawal (pro Mio. USD),Environment,20,4,-0.252,0.2833,-0.362,-0.263,YES
Community Investment (pro Mitarbeiter),Social,18,4,0.247,0.3221,0.03,0.007,YES
Scope 2 Market-Based (pro Mio. USD),Environment,20,4,0.241,0.3061,0.186,0.158,YES
Renewable Energy Consumption (pro Mio. USD),Environment,20,4,-0.214,0.3657,-0.466,-0.316,YES
Waste Recycled/Diverted (pro Mio. USD),Environment,19,4,-0.159,0.5147,-0.361,-0.287,YES
Total Waste Generated (pro Mio. USD),Environment,19,4,-0.148,0.5456,-0.328,-0.24,YES
Total Energy Consumption (pro Mio. USD),Environment,20,4,0.121,0.6108,-0.053,-0.074,NO
Community Investment (pro Mio. USD),Social,18,4,-0.099,0.6955,-0.238,-0.163,YES
Water Withdrawal (pro Mitarbeiter),Environment,20,4,-0.056,0.8144,-0.081,-0.021,YES
Total Waste Generated (pro Mitarbeiter),Environment,19,4,-0.036,0.884,-0.1,-0.053,YES
Total Training Hours (pro Mitarbeiter),Social,12,4,-0.033,0.9194,0.168,0.152,NO
Waste Recycled/Diverted (pro Mitarbeiter),Environment,19,4,-0.027,0.9133,-0.17,-0.111,YES
Scope 2 Location-Based (pro Mio. USD),Environment,20,4,-0.014,0.9519,0.011,-0.011,NO
